{"clocksummary": {"CLK": {"Hold": 1.275}}, "fitter": {"fitter_Timing Models": "Final", "fitter_Family": "MAX V", "fitter_Quartus Prime Version": "16.0.0 Build 211 04/27/2016 SJ Lite Edition", "fitter_Total virtual pins": 0, "fitter_Total pins": "27 / 52 ( 52 % )", "fitter_Total logic elements": "45 / 80 ( 56 % )", "fitter_Top-level Entity Name": "ExecutionUnit", "fitter_Device": "5M80ZM68C4", "fitter_Revision Name": "ExecutionUnit", "fitter_UFM blocks": "0 / 1 ( 0 % )"}, "slack": {"Quality of Fit": {"values": [-10.593, 1.275], "value": -10.36}}, "tns_slack": {}}